{"cameraMode":{"drawMode":0,"name":"Shaded","section":"Shading Mode"},"sceneLighting":true,"audioPlay":false,"sceneViewState":{"m_AlwaysRefresh":false,"showFog":true,"showSkybox":true,"showFlares":true,"showImageEffects":true,"showParticleSystems":true,"showVisualEffectGraphs":true,"m_FxEnabled":true},"in2DMode":false,"pivot":{"x":9.995665550231934,"y":3.350846529006958,"z":-0.20855817198753358},"rotation":{"x":0.19730079174041749,"y":-0.3508946895599365,"z":0.07589147984981537,"w":0.9122438430786133},"size":9.970033645629883,"orthographic":false}